汤川影业,5086,很差,2017-11-06,欢快的都是小痞子，深沉的都是病秧子！这就是胡歌所谓的演技！
土国全安,4202,很差,2017-11-06,制作粗糙，台词太尬，胡歌老师以后少演现代戏吧，演技和颜的硬伤都是赤裸裸的。
藤井树,3669,很差,2017-11-06,这剧情太太太空洞了！！！胡歌的演技又回到了仙三时期的景天，真的太尬了。娱乐圈真是流量至上啊，潘老师这样的好演技要等到40多岁靠一部网剧才能红，而胡歌这样的烂演技却有一堆老戏骨一起来捧他。
九幽第一少,3411,很差,2017-11-06,猎头竟然还管窃取商业机密……编剧没上过班吧
十元,3304,很差,2017-11-06,11月9日更：从播出的六集来看，剧情依旧稀巴烂。万茜称为目前为止唯一可看的人物，同场戏胡歌的演技被万茜碾压的体无完肤。孙红雷出场少，人物设定过于神话，观赏性不高。本来想为万茜加1星，结果看昨天半夜诡异的涨粉和新评5星刷屏，不加了（另请男主粉不要到处造谣我6号看了34集；豆瓣短评可以改的
风吹麦浪稻花香,3007,很差,2017-11-06,这个剧是怎么营销成精品剧的，浓浓的城乡结合部上个世纪八十年代的气息，还有后期怎么做的啊，这色调？这bgm？胡歌也该少点营销，好好沉淀下来认真琢磨演技，菅韧姿这是怎么啦，越演越回去了，可惜了一众演技派的配角了。
轻举绝俗,2917,很差,2017-11-06,后期基本没做吧？整个画面想吐的不行，演员脸都变色了，这就是精品剧？
陈词,2957,很差,2017-11-06,就这两集的画风我以为自己看的是乡土爱情剧，胡歌对年轻人似乎有什么误解，演啥都一副小痞子样，有多期待就有多失望
红杏花,2770,很差,2017-11-06,看了一下，又是一男三女的披着励志外衣得狗血爱情剧，为了制造毫无意义的紧张感，让做工作介绍的去窃取商业机密，编剧你真的上过班吗？胡歌流里流气得表演油腻得堪比黄晓明
蛋蛋的忧伤,2784,很差,2017-11-06,胡歌的欢快戏真的没眼看，流里流气
相约天涯路踏遍,2444,很差,2017-11-06,我看胡歌平常谈起演戏一套一套的，怎么真演起来总是那么尴尬呢？与真实力派同场被残酷碾压
Floria,1785,较差,2017-11-06,冲着这cast看的，但发现剧情实在过于缓慢。
马薇薇,2259,很差,2017-11-06,只能说期望越大，失望越大。男女主的演技也实在令人捉急。
后卿焚寂,1848,很差,2017-11-06,胡歌每次都吹的很好，结果每次都被同剧吊打，伪装者被靳东，琅琊榜是凯凯王，现在更是尴尬，演的啥玩意啊
空心菜,1544,较差,2017-11-06,刚刚看了，失望。我有些担心，国内的职场剧往往拍不好，闭门造车，容易变空中楼阁，虚假得很。
泡利不相容,5574,力荐,2017-11-06,终于有一部不打着职场为幌子实则又是狗血爱情的专业商战剧了！学金融的表示非常满意！！
小妞百合,1368,很差,2017-11-06,胡歌，一位被营销过度的演员，演技不知好坏，就是无法被他带进戏里，更重要的是毫无气场。
霍夫曼的压缩机,3751,力荐,2017-11-06,头两集估计为了过审被大量删减了 而且删完变得很难看 第三集开始突然正常好看了 编剧出品还是有保障的 然后这剧不套路这点很不错 但情节时紧时松
箬虞qi,4509,力荐,2017-11-07,今天看了前两集，作为胡椒，我要客观地说：前两集不太精彩，剧情略显无聊了。但这就是一个初出茅庐的年轻人对梦想的执着、在现实的洪流里的冲动和莽撞啊，我并不觉得要把这种真实的角色定位归结为胡歌演技不好，这不公平也不正确。我不明白胡歌是惹着哪些看官了，言语之刻薄，让人咋舌。
丝米,724,还行,2017-11-06,老胡是被坑了吗？电视剧这画面，这剧情，我都不知道该怎么吐槽了，分分钟想弃剧啊！！！好气哦，这个人设也不适合老胡。亏我还期待了这么久（看到现在后面比前面好多了，后面老胡很帅啊。编剧真是坑死人，为啥不倒叙呢？）
枕霞阁,878,较差,2017-11-08,我就想问你们日常和周围人这么说话，不会被反手两巴掌吗
昵称,4142,力荐,2017-11-06,『人在玷污着钱的名声，而不是钱的罪过』更新：1911年，有人说：在他们的一生中从未遇到过像眼前的这代年轻人一样，自私、无礼和只会享乐。『一代又一代的人，都认为下一代的年轻人不如自己，可是社会发展已经证明，一代确比一代强』。职场情场双成长。
经年留影,1110,很差,2017-11-07,胡歌以后别跟实力派演戏了，静下心来磨砺演技才是最重要的！这剧是抠图了吧
上田奈绪子,2631,力荐,2017-11-08,看之前看你们黑成这样以为有多差 看完以后才知道有多尬黑 自己不带脑子看剧就不要胡说八道 有很多细节是需要仔细琢磨的 你们愿意看不费大脑的我也无话可说 看了两集就颠颠的过来打一星 我真怀疑你们到底看了没
溪溪,801,很差,2017-11-08,编剧做过猎头吗？熟悉猎头吗？主题是商战，剧情上语焉不详用恋爱凑。看看大染房和大宅门怎么描写商战的
月亮的洛夫古德,2763,力荐,2017-11-06,郑秋冬可以对富士康同类老板点头哈腰，对大保健公司厚厚的十元红包和远古胶囊保持围笑，对明里帮他暗里坑他的大学师兄装傻充愣，在自己请客的饭桌上尬演电器大甩卖推销。但是当他梦寐以求的猎头公司的猎头客客气气，付费来调查他的职介所发展规划时，他却无法保持礼貌和淡定。小人物的悲哀，莫过于此。
狐狸修炼中,545,还行,2017-11-06,11.17，断了快一周左右了，剧过应该差不多三分之一了，谁能告诉我演了多少商战了？还是依然主打着男男女女的腻腻歪歪？？？
番茄庄主,915,较差,2017-11-06,什么鬼！！这到底是什么年代的剧？质感就像湖南卫视自制剧
元首特价大酬宾,744,很差,2017-11-08,如何评价胡歌的演技？你不能评价并不存在的东西。11.13日更新：工作需要才看的，依然很烂啊，我的clients买了植入，现在已经后悔了。
MiyuikiRyoko,802,很差,2017-11-08,那么多好演员给假留学艺术家抬轿 那么多通稿营销这剧多良心 结果一看 呵呵无力吐槽 我妈本来最想看这剧的人都看不下去了
樱桃烂番茄,1016,还行,2017-11-07,看完三四集有点渐入佳境的感觉，秋冬出狱改名之后真正的猎场就要开始了，竟然格外期待后面的商战。PS:一二集的锅广电也得背，剪辑的太乱了。
寂语,2849,力荐,2017-11-06,这剧冲导演演员以及原创剧本就想打5星，这年头原创剧本太少了。而且这还是姜伟的原创剧本。看过之后，想说的还是姜伟的剧本果然没有让人失望。这剧蛮现实的，编剧导演很用心，演员表现也很出色。强强联合，继续观望。希望剧播完我还是会坚定五星不动摇。
蜜蜂一小只,2376,力荐,2017-11-06,"OMG!我是看到了传销吗？这郑秋冬也太倒霉了吧！
OMG!我是看到传说中色迷迷的首长了吗？这尺度。。。"
蒜蓉开背虾,3150,力荐,2017-11-06,期待了很久的姜伟导演的作品，果然没让我失望。开篇人物出场的方式我很喜欢，剧情留了很多悬念，期待下面的故事发展！
人初静,825,较差,2017-11-06,一开始有多期待现在就有多失望，冲着励志职场剧去的，结果是个杰克苏，尴尬的感情线，开挂的金手指，不该信猎场吹说的渐入佳境浪费时间追了十多集，11.14正式弃剧。
余思,640,很差,2017-11-07,第一集全是硬伤，人物关系不明确，人物性格没立住，整集里面吃饭聊天开车全是水词..
银河停电,529,很差,2017-11-08,色调，构图，服化道真是看不下去，可能有人会说剧情才是最重要的，但这种第一集就给人很差观感的土味都市剧，也只有粉丝能坚持看完吧。
shininglove,424,较差,2017-11-08,好好拍戏，好好做人。
百炼成糖,489,很差,2017-11-07,罗伊人，你还能演的再差点么
弘与合欢,1221,推荐,2017-11-08,三四集和一二集简直不是一个水准，感情戏少了立马好看起来了，马上来到胡歌最擅长的“改装换面”套路了，看下集预告会更加精彩，先四星预备。
静待花开,628,较差,2017-11-06,严重和宣传片不符啊，就是男女主的你侬我侬还很无聊，而且女主演技真的很烂。希望赶紧到后面商战
花十三楼主人,620,很差,2017-11-07,剧情是模仿二十年前的韩剧么？三角恋旧爱重逢还特么有一个得癌的。整体画面质感像五年前的网剧。
JustaNimp,1329,力荐,2017-11-08,越来越发现豆瓣是一群人的意淫，在这群人的眼中，外国片才是他们的精神食粮，而对于中国片，永远是在用批判的眼光找漏洞
RITA,275,还行,2017-11-08,一出狱就穿阿玛尼 然后说着“绝望”的台词 那一刻我对这剧也很绝望
魔女幼汐,1434,力荐,2017-11-06,刷一星是神马心态？不能拿它和美剧比，没有可比性，跟很多大陆剧比算良心了吧。题材新颖，前所未有的男主是搞传销、坐牢、出狱后冒用别人身份。这才四集啊。还有喷胡歌演技的，看仔细了吗？目前有几场戏是极好的，被抓后看女主眼神的变化，女主探监时决绝又夹杂不忍，和他同龄的男演员有做这么好的吗
像面条般地活着,144,较差,2017-11-12,感觉是从来没有朝九晚五上过班的编剧导演演员的强行尬演…………
alice,387,很差,2017-11-08,罗伊人的演技太辣眼了，第一集几乎看不下去。。
阿劈君,1620,力荐,2017-11-07,客观来说，女主角我不喜欢，导致差点看不下去。但为了我歌忍到了第二集，就冲这剧本，敢写传销，我就打五颗星
已注销,1426,力荐,2017-11-07,是这样 实习这么久唯一宣的一部好剧吧 本子是真的很好 色调也是真的没质感 全员演技在线 当然除了女主 几段感情里最喜欢熊青春
随意啦,1658,力荐,2017-11-08,前四集情节紧凑，时间跨越这么大还是比较难拍，其实感情戏也看的很出彩的，男女主角都演的挺好的。唯一想吐槽的是汽车外的风景，能不能做的逼真一点。不过还是先给五星看后续 看到第五六集了非常精彩 今天出来的万茜演的特别好 看到第七第八集已经欲罢不能了
挪威花泽类,368,很差,2017-11-10,胡歌粉丝真可怕。
梅林,330,较差,2017-11-07,内容简介：西门庆大学毕业，同应伯爵、谢希大到尼泊尔采摘虫草，欲开中药铺创业，失败之后，开职介中心糊口，生活日渐艰难，幸得昔日师兄花子虚倾力相助，暂脱险境，花子虚的夫人李瓶儿与西门庆原是情场旧识，因花子虚身染重疾，遂与西门庆暗通款曲，再续前缘。之后，西门庆发愤图强，终建立猎头公司。
我的abc,238,还行,2017-11-07,不敢相信这是导了潜伏的导演拍出来的
搬砖侠,344,较差,2017-11-07,本剧证明了我国国产剧发展的现阶段矛盾，在于人民日益增长的精神与物质文化兼具审美内在需求同落后的国产剧套路化生产之间的矛盾，编剧野心挺大，也涉及了传销和当代企业审视，可惜故事太经不起推敲，且偏狗血，画风城乡结合部，尤其是在人设与节奏上存在很多问题，就这都能拍52集？老胡努力了，但不行
小白,1224,力荐,2017-11-08,有些评论实在看不下去了，为黑而黑有意思吗
云淡风轻9909,553,较差,2017-11-06,节奏拖沓，剧情老套，7点40开电视守着看了开播的两集“职场”剧，这就是胡歌所谓的见过最好的剧本？呵呵哒！真敢吹啊，不靠谱的胡咧咧吧，才两集演技就先不评价了
热牛奶。,376,很差,2017-11-08,什么鬼 是怎么忽悠到这么多演员进坑的 这画面我以为乡村爱情
郎狼,866,力荐,2017-11-10,"那么多人打一星，我知道是因为这剧太现实，太真实，击破了你们仅存的那点小小的幻觉，所以你们在内心里拒绝。

是的，前面八集的郑秋冬，就是你们自己和你们身边的人，一次一次的努力之后，梦想终于成为了泡影。而打一星的你们，不愿意面对这个现实。

失败是常态，成功才是偶然。"
米猪头,349,较差,2017-11-07,期待越高失望越大，节奏真是问题。本应该在前两集交代清楚大概人物关系故事脉络以后应该多着墨于关于职场方面的铺垫，但是磨磨叽叽的加了很多男女主角的感情戏，对于主线并无帮助，看得让人焦躁。不敢相信这是姜伟打造的剧本。暂打二星，以观后效。希望后面职场大戏能够真正名副其实，不要再走国剧老路
苏斯洛夫,458,很差,2017-11-07,落难遇到高人，敢情还是武侠片的套路。
Sue,330,较差,2017-11-07,三集弃，第一集骨癌就算了，第三集心脏病都出来了，这剧里再出现什么俗套剧情我都不惊讶了。剧情犹如白开水，磨叽的要死，为什么拍的让人没有一点心潮澎湃的感觉，明明很多段落可以有作为的。配乐神烦。胡歌整体平，一发火就有演技。另外芒果台的预告比正片好看。
让浮云飘,530,力荐,2017-11-12,黑子太过分了  我也不想打五星  黑子逼的
起了个去,1115,力荐,2017-11-08,看了6集才评的，这剧再有缺点，也不会是5.7的评分
释凡,317,很差,2017-11-07,可信度不高，职场斗争与励志不给力，流于肤浅偶像爱恋，管韧姿颜值不高，祖峰没创意绝症爱情，传销瞎进监狱墨迹，胡歌传销、骗人、假冒身份好扯，万茜负责忽悠与三角恋，张嘉译、孙红雷打酱油?拖沓乏味，就这还52集?没播几集感觉这剧问题不一般多，难怪胡歌暂时停止事业，被吓到了?
圣墟,629,很差,2017-11-07,总算知道胡歌为啥不敢接戏了，一接戏就原形毕露了
saramoon,298,很差,2017-11-07,认认真真看了前两集 后面看口碑决定要不要继续看吧 这个女主选的匪夷所思 看之前还蛮期待的 没想到质感这么差 国产剧的通病都是不好好讲故事要感情 然后感情也讲不好 失望
F班的袁湘琴,378,还行,2017-11-06,那么多老戏骨飙戏，还是不错的，老胡演技也可圈可点
apple,1389,力荐,2017-11-06,胡歌的演技我觉得不错，整个剧本的设定虽不是很完美，但可以把今年国产剧的80%都可以比下去了。支持猎场，支持不完美的但一直都没有放弃的我们。
惠子,283,很差,2017-11-08,在哪找这么个女主啊 是不是她人设就是绿茶婊 所以她才这么演的？？？？？
猫小蓟,131,很差,2017-11-10,从节奏说，快十集没进正题，除了尬聊、抱怨就是奇怪的感情戏，从情节说，一个总想不劳而获的人，豪无工作经验就想混高级职场，开玩笑，真当别人的高薪是喝茶看报纸看来的？最后神tm的女生不爱看商战戏。
妖孽坐地成仙,188,很差,2017-11-09,就像孟大明白写的那样，我国的国产职业剧除了尴就是尬，逻辑这东西就不说了，连个正常人都很难见到。
丝丝细雨168,490,较差,2017-11-07,跟老戏骨一起演戏，真的是暴露无遗，胡歌根本撑不起戏
米花花,742,力荐,2017-11-10,目前我觉得应该有7分吧（我知道男主有很多粉黑，怎么打分自由心证吧），确实制作不够精良，但是剧情不错啊，演员除了罗伊人我也没什么想吐槽的，难得一见的全员原声，尤其是万茜啊，太可爱了啊啊啊啊啊啊啊啊啊啊啊啊，本来四星，友情多给一颗星，现在这个分数低了
山水烟花,141,很差,2017-11-09,不好看，可以说是营销让人更加剧了对他的讨厌。在拼命鼓吹精品之下，是方方面面的low质感：从打光，配乐到演技，剧情，几乎没什么让人称道的地方。但搞笑在于有些剧拍的不好但清楚知道自己是娱乐向的，有些剧矫情做作装X其实内里一无是处。剧和主创都透露着“这届观众不行”的迷之优越，可笑。
JJx2,948,力荐,2017-11-08,有些人闭眼黑真的看不下去
白胖饺子,157,很差,2017-11-11,现在竟然还能看到剧情人物节奏表演都这么尴尬的剧，也挺难得的
老妖,161,很差,2017-11-10,不好看。画质看起来简直low穿地心。白期待了。
水她她,556,还行,2017-11-08,树大招风，才看了几集呢，叨逼叨啥呢，抢在前头给个差评很有优越感？
马田史高,711,力荐,2017-11-10,认真讲，片子质感确实稍差，剧情确实稍微拖沓，我用1.5倍速度看了四集，6分合乎情理，我之所以5分，是因为胡歌，他的每一个情绪的处理以及动作形态的设计以至于语言表达我认为都是教科书级别的，说这个片子不好我觉得OK，但是说胡歌演技不行的那帮人，实事求是，是激霸不懂
膝關節,570,较差,2017-11-06,就是普通的勵志劇，還瞎JB吹劇王，第一集根本抓不住人，棄。
软软,95,很差,2017-11-16,爱情线垃圾得一无是处，整部剧就是致敬初恋是吧！还结婚前夕双双前任回头这么狗血！熊青春一定要这么渣才能凸显男主蹲完大牢出来洗心革面各种正义的化身是么？其他职场线我就不吐槽了，敢问编剧你脑子呢
了宝贝,64,较差,2017-11-15,要是郑秋冬和罗伊人复合了就果断弃剧并给编剧寄刀片😡
肉饼饼,223,较差,2017-11-09,伪装者时候胡歌演技就一直掉线，完全被其他演员吊打。这部宣传攻势这么大，还以为多好，结果一开场这色调，这布景，打光，就像90年代的电视剧一样。合照还抠图。最搞笑的就是编剧非要让祖峰2集以内就死，设计个滚楼梯的剧情，简直能笑岔气。另外女主人设渣，演技差，真是浪费这么多好配角了
清风拂过山岗,94,较差,2017-11-16,职场很空洞，恋情倒是狗血。猎场还是情场?杰克苏对现下的玛丽苏，谁也别笑谁。
爱谁谁,581,较差,2017-11-06,要是再演这么无聊的爱情戏码就弃剧了。第一集太难看了。
俏皮面,202,较差,2017-11-08,看了前四集，画面的色彩就决定了第一感觉的low，剩下的主要问题就出现在感情线上，女主想当婊子还要立牌坊，每次看见她徘徊在老白和郑秋冬之间，就让我联想到潘金莲、武大郎和西门庆。不过三四集单看胡歌的演技，觉得没什么问题啊，粉丝还能继续吹下去。
不要不开心哦,406,还行,2017-11-06,来看胡歌的，实力派演员的集结，高质量的一部片子。
文艺张,336,很差,2017-11-07,不知所云不知所谓的开场1.2集。。挺好 删去一部要追的剧 节省时间珍惜生命
筱筱蛋庚,576,力荐,2017-11-11,嘲的有点太狠了。没人说职场必须就是厮杀吧，一个人的表现和他的每一个决定都和他的过去不可分割，前面虽然慢但是让人更明白他为什么是这样。感情线虽然恶心但这种非主流也部分反映现实。胡歌和几位大咖飙戏也跟的上，嘲这么严重真的有点过分了。这么复杂的情感和许多需要表情传达的东西胡歌做的很好。
莎伦酱,121,很差,2017-11-13,十指不沾阳春水一天也没在业内混过的编剧写出来的职场剧都是灾难片
卬 THE WAY,89,较差,2017-11-15,看宣传片以为是讲猎头的商战剧，虽然本来也没抱太大希望，现在十几集看下来发现，是个JB猎场啊！也就是——情场，如果此剧故事背景在农村此剧可取名《麦场》《谷场》，在体育界叫《球场》《赛场》，校园里叫《操场》，shopping mall里叫《剧场》《商场》，在老年活动中心叫《赌场》……
Ada Wang,63,较差,2017-11-12,胡歌这次被骂惨了😭
沈持盈,67,较差,2017-11-12,觉得魔幻吗？更魔幻的是，现实职场中，大部分猎头的专业程度甚至比电视剧中所展示的更差。
茶茶🍵茶茶,694,很差,2017-11-06,剧情很有拖拉感 不行
关于简,262,较差,2017-11-07,1.5倍速看都嫌拖沓
会笑的暖炉,117,很差,2017-11-10,这个剧我发现让我迷恋的是李逍遥和宗主，不是胡歌
乔木,270,推荐,2017-11-14,你们看电视剧从来不关注导演想表达什么，沉浸在自己的偏见里且无法自拔，如果现在让你们说说电视剧的主题，结构框架，各个结构是怎么融合的，每一集又是如何独立存在的。你们会有各种看法，甚至没有老法。知道为什么吗？因为理解程度的不对等，你们的理解力还停留在小学水平
橘之乐,349,力荐,2017-11-12,前面四集不知道演了什么鬼，后面越看越好看
beepee,449,力荐,2017-11-12,这周末看了#猎场# ，好吧我承认编导都是肖申克救赎的影迷和挪威的森林的书迷，别说粉丝坑爱豆。嗯，胡歌是个演员，不是爱豆，从麒麟才子到郑秋冬，他演绎的角色都有一番起死回生的顽强意志力，当然，关键是那场车祸，让他的人生书写更多的意义。所以，他的眼神里没有小鲜肉偶像派的轻松，而多了责任
粥大侠,378,力荐,2017-11-13,一部好剧，不能被莫名其妙的黑子给糟蹋了
你看起来很好吃,187,很差,2017-11-10,看了5集的人跟我说前面冗长拖沓，于是我打开了第6集，一集弃。编剧和粉丝的完美意淫。11.11 收到男主粉私信咒骂的特别难听，那就再补充两句好了。大段的旁白，听起来很刻意的台词还有男主刻意放大的随时担心被揭穿的紧张感，综合起来看真的是很粗糙。PS.男主粉丝恶意攻击的话全部原地反弹。
Jui I,140,很差,2017-11-10,我只是想为了这个烂片的分数做一点微不足道的贡献 不说演技 这剧情实在也是逆天了 问题是还有我们雷雷和祖峰 这次潜伏的人情都还给您了 请别再烦他们俩了 谢谢导演
春暖花开,403,很差,2017-11-08,怎么可以难看到这种程度
小太子奶,200,,2017-11-07,前面两集真的是非常糟糕，糟糕的布景、灯光，糟糕的剧本，关键是连胡歌在里面的演技都很不理想。演一个没钱靠演讲的混子，完全没办法入戏。女主更是糟糕，矫揉造作，表演流于表面。再多看看吧，看之后会不会改评论——更新一：不想改，那个女朋友还不死，就不改，太烂了
窦太,90,推荐,2017-11-15,去tmd前女友吧。后面渐入佳境。
末药煎肉塔,69,较差,2017-11-19,也不能说烂，就是过时，全方位的土气感。对胡歌来说也是15年被捧上巅峰后的一出现形记，演技真的没有捧的那么高，《琅琊榜》那真的是好运气碰上了最合他身的剧本。
远远,77,较差,2017-11-18,忍到18集，我也是服了自己，幻想一场高端的商业大战，就这？
o```me,72,较差,2017-11-15,感觉剧情想好好装个逼写点商斗，但是剧情很无聊。演员台词都硬装上去的，穿个西装梳起背头就是精英？故事背景画面质感也很廉价……冲胡歌琅琊榜里演技去看的（受用流行面瘫表演？）这部前几集那么多的表演空间里都没表现出演技，甚至自杀那儿是看评论才看出来的……没从演员看出人生绝望
卢照邻,106,很差,2017-11-09,太次了，不知道这编剧想干啥。------------看完前六集了改一下，建议各位从第四集开始看，这才是一个正常电视剧的正确打开顺序。-----------三更：啥破剧精彩了没有两集就又开始无聊拖沓了。老老实实一星呆着吧。
二十二岛主,101,还行,2017-11-07,失望肯定是有的，胡歌如此努力地想演好这个有些颠覆形象的人物，但总感觉差一口气，使得郑秋冬这个人物并不真实。感情戏拖沓且狗血，且占据很大篇幅，导致观感极差。如果照这个趋势继续发展，又会是年度大扑剧之一。编剧的野心确实不小，想要展现社会的很多层面，至于能否力挽狂澜，再看看后面的发展。
Susy,254,推荐,2017-11-13,万茜小姐姐不考虑当女一嘛？
晗·许我向你看,97,很差,2017-11-16,原本看完一二集就准备打两星的，看到各路人士都在努力洗白过了前两集就好了，于是一路努力看到十六集，仍旧是，非，常，难，看。号称精英职场剧，然而大部分时间都是劣质的恋爱剧，节奏混乱，重点不明，充斥各种可笑的剧情漏洞。真心不如去看玛丽苏傻白甜，起码人家不会吹嘘自己是精英剧王。
竹官碧,31,较差,2017-11-13,尴尬……求求编剧们都去上两天班再来写职场
徐三远,276,力荐,2017-11-14,这是一部节奏比较慢的剧，越往后越渐入佳境，把心慢下来，不要那么浮躁的，会有一些感悟
郑开司女朋友,822,推荐,2017-11-06,关于人性，关于实力派，关于精彩，这部剧都体现了
馬先森,442,较差,2017-11-10,越看越垃圾
洛唯,142,较差,2017-11-10,这剧里好笑的一点是，所有违法乱纪的人，都觉得自己道德高尚。
卢隐,31,还行,2017-11-18,剧情不得劲，总是在该提起来的时候差口气。挺好的题材和本子，制作却这么粗糙；理想的演员阵容，却不在同一表演节奏上。灯光、布景、剪辑、美术…这一切的不精致，令人觉得仿佛没有导演存在。
Wonderingring,86,很差,2017-11-13,尴尬得看不下去 两个女主清一色淘宝风 男演员全部房地产中介打扮 剧情转换莫名其妙 主角人设很无趣 编剧和导演严重浪费卡司
JUNE,70,很差,2017-11-16,女主好一朵盛世白莲花…演技太尴尬了
林杨🌞,139,很差,2017-11-09,哈哈哈大写的笑话
17岁AD想打职业,87,很差,2017-11-15,烂得一批
zycoming,84,很差,2017-11-16,剧情不好看，且胡歌的眼皮总让人出戏
尔东明,246,力荐,2017-11-13,演员演技不说，单纯评论编辑吧，编辑有点人格分裂，不知道是天才还是疯子。
一把抓,55,,2017-11-14,几千万请的演员，演了一部五毛编剧攒出来的电视剧
海洋,134,很差,2017-11-11,铺天盖地的营销剧王，精品，就是这偶像剧玛丽苏剧情吗？偶像剧配上不是偶像男主的脸，艾玛，分分钟崩溃的关电视。
ANan,145,,2017-11-08,第一集啥玩意？？这演了个啥？？胡歌的现代戏演技到底能不能行？？女主要真的是这个女的，那我只能说声抱歉，拜拜！
豆瓣酱,336,较差,2017-11-07,胡歌的演技没感觉多好，为啥被吹的挺厉害似的
王重阳,367,推荐,2017-11-14,这个豆瓣是怎么了？一帮打一星的是傻逼吗？这部剧分数不到8分你们这帮人都是有罪的。
特朗斯特罗姆,147,较差,2017-11-09,难以想象这是姜伟编、导的作品，跟《潜伏》完全是天上地下的差别。加上上次王丽萍的《国民大生活》，只能说上了年纪的创作者们对年轻人的世界，思维模式，行为方式都太不了解了。尽管是金牌编剧，还是免不了生拉硬拽，根本脱离当下的审美趣味，土味儿十足，找来所谓的偶像胡歌也无事无补，演技平平。
Persevere.S,78,很差,2017-11-16,看了二十分钟 弃剧。
广目无双,53,很差,2017-11-18,职场常识错误多，剧情硬情感狗血，脱离现实。工作原因接触猎头，不可能那么狂好吗。另外中英夹杂：真正的外企五百强大都是名词英文，比如report run了没capability怎么样之类，而不会说yes/no纯装逼会英语。前咨询行业工作狗路过，耐住性子但实在没法看。就跟我的前半生一样，这真的不是你们拍的那样..
绿叶上的爬虫,562,推荐,2017-11-08,一翻评论，吐槽的太多。讲真，客观的看完前四集，老胡的演技没有那么不堪，从一二集的咋咋呼呼到第四集的深沉内敛，违和感挺少，在和帅雷雷的对戏上也不落下风。说到感情戏，虽然足足演了两集，但看的人一笔带过就好，毕竟这也不是一部谈情说爱的电视剧。期待接下来的剧情。。。
So,135,较差,2017-11-09,本以为是职场剧，第一集马上三角恋，第二集马上癌症。。。真是可怕
狐小妖,75,较差,2017-11-16,什么剧本这是…无病呻吟
牛奶配送员,321,较差,2017-11-07,这什么乡村爱情土剧..
鹿鸣食野,292,较差,2017-11-07,强撑看完两集，完全不知道在讲什么
十三三三,228,推荐,2017-11-13,前两集看起来还是有点不开心的，粗糙的美指和后期，还有看了想打他的灯光师。过于沉重而显得突兀的感情线也让人不爽。但是后面渐入佳境，情节紧凑，节奏把握的好，简直和美剧看齐。剧本很棒编剧一看就是带脑子的，和现在好多国产剧比高下一看便知。胡歌的演技值得肯定的，但是不够有特点。喜欢万茜。
馬鹿野郎,75,很差,2017-11-13,只说打光，太烂，把每个人都照得印堂发黑面如土色
蓝色的椰子,182,很差,2017-11-08,琅琊榜剧粉的我仿佛看到了一个假胡歌
大水,412,还行,2017-11-13,"[10集评]看到热评都给一星表示很费解，可能每个人喜好不同吧。不是胡歌粉，表示胡歌演的挺好，剧情也很引人入胜，一口气看完6集后追到了10集，很喜欢这部剧，当然，目前粉上了万茜

[更]
熊青春感情线太烂，弃
不喜欢罗伊人新感情线，弃
不喜欢贾一梅，弃"
山城一蓑烟雨,416,很差,2017-11-06,"吹，再接着吹，说好的脚踢人义呢？果然，除了景天就是梅长苏，别吹演技了，真的。

因为水军粉丝半夜刷分，坚定一星不动摇，再吹收视率也是被吊打的水平。"
虎折,92,推荐,2017-11-19,非常现实，可能过于成人世界，而缺乏叽叽喳喳婆婆妈妈，没有满足到爱抓马的观众。整体性上缺乏一个所指，会考验注意力和耐心，但仍不妨碍因克制的细节处理而透露出那种沉稳的美感和自信。
雨女,64,还行,2017-11-17,用二倍速看有些改观 望后期高走
Pancy先森,115,较差,2017-11-10,硬着头皮看到第六集了，实在看不下去了- =、、、太混乱了吧，6集了还没讲到主题。
心花露放,637,力荐,2017-11-09,现实总是不招人喜欢，而胡歌愿意演给我们看这血淋淋的现实，我还是给满分。
青年人电影协会,156,较差,2017-11-07,"期望越高失望越大！！想不到老胡会接这样的剧，想不到心中的潜伏大师会拍这样毁三观的爱情剧。。。场景打光都感觉很LOW,两年前拍的应该很有时尚气息才对呀，，两集后就弃了"
十块钱好奇大王,250,推荐,2017-11-12,郑秋冬是时代中的小人物，每次都是快要走上人生巅峰的时候被碾压碎了，最后直接进了监狱。监狱里遇到良师，飘零逐渐沉稳。身边有一位好朋友很重要，你狂时他打击，你自卑时他鼓励，你有待成长时他又会支持你，这与是不是在监狱没有关系，大部分怀才不遇的人，是真的没有主人公那样的运气。
🌸樱花粉🌸,76,较差,2017-11-08,明天第一次上班不再如上坟，因为是去提辞职啦~~~
老于,77,较差,2017-11-11,配乐太诡异了 老胡你还是多多的钻研下演技吧 真是有点尬
停用,36,很差,2017-11-15,马克思主义都出来了
kookou,97,很差,2017-11-11,"就算被万茜圈粉也拉不回这戏垮掉的程度。
11.13更新，两星变一星。部分该剧粉丝（目测胡歌粉）私信谩骂差评用户，真是开眼界。你们这帮傻逼！请对号入座，谢谢。"
Sep,129,很差,2017-11-11,"看到有洗地的说四集以后就开始好看了,可是我看到了第九集就深信这个剧要扑街，要低开低走了吧"
娄知县,150,很差,2017-11-10,剧情塌陷可怕，破陋如筛子；女主无死角地平平无奇；服化瘆人，和压了两年没播没关系，老友记压二十年服化都能看；一直觉得胡歌是演技被高估、只有病怏倜傥两板斧，但是知道好演员标准的人，这部剧证实了前一点。😁
Cosine,90,很差,2017-11-16,此剧一出胡歌迅速被识破演技真面目……
贪狼天姚星,56,很差,2017-11-19,受不了罗伊人
未央不睡,252,力荐,2017-11-14,这么好的剧，评分居然这么低，简直是个迷！
zoe,358,力荐,2017-11-13,后面越来越好看
cobblest,85,较差,2017-11-11,好尴尬，编剧硬塞进很多自认高深的文学和职业名词，然而剧情逻辑衔接生硬，胡歌演技也撑不起主角这么肖申克的人生...
煮孩子带饭,145,很差,2017-11-10,烂到令人发指。
雩门,470,力荐,2017-11-10,导演应该看过不少村上的书，不仅是挪威的森林，还有“ 羊”这个意象。第三集，罗伊人对朋友诉苦：我觉得我自己好像一只羊，被人牵着走。
嗯哼啊哈,33,很差,2017-11-06,"压了这么长时间 本来是非常期待的 只是前两天看了片花 有点减分了 三星观望吧

实在没办法给三星了现在 给两星是我最后的温柔

我错了 我不应该继续看的 这剧三观不正。。。一星"
lacrimosa以泪洗,95,很差,2017-11-13,为了豆瓣的公信力，我决定给这部剧打一星。
Seattle,191,力荐,2017-11-15,说不好看的，你们有认真看每一集吗？
小道,323,力荐,2017-11-12,听说打5星会被封号，豆瓣现在真么没有良心了？反正我觉得好看，有本事就封啊
鲁妮玛拉,204,还行,2017-11-14,看到十几集了，依然觉得好看，节奏不快不慢，没明白为什么被黑成这样，胡歌演得也挺不错的，算国产良心剧了。那些打一星的，你们良心不会痛吗？ 26集了，已经没有耐性，中国电视剧一个比一个拖沓，也是醉了
刘小葵,265,很差,2017-11-07,尬吹精品职场戏的是对职场有多深的误会...
風來,209,较差,2017-11-08,还以为是像半泽直树那样的剧，结果还是太高估国产剧了。这节奏这演技太难坚持看下去了。
摸狗去了,58,较差,2017-11-19,贴合实际吗？？正常人哪里来的去趟监狱出来三十万 问前女友借二十万给三十万？前女友给个棍子都能谈对象吧… 是谁对你好你就跟谁走没错那为什么还要演个莲花呢宝贝…包养这件事正常社会什么时候这么被包容了。。前男友还不计较当女神？嗯？
Miss S,66,很差,2017-11-18,21集了，故事越来越无聊全靠配音故弄玄虚，打算弃剧了
潮汐花园,467,很差,2017-11-06,失望 过时的妆发造型  无聊的恋爱 尴尬的演讲 强忍看下一集半 坐等扑街
张灰灰,67,较差,2017-11-15,两集弃，电视剧如果在刚开头两集都吸引不了观众继续看下去的话，后面拍的再好也属于失败了，而且后面又断断续续看了几集，没见多大的好转。这部剧本身剪辑混乱，人物造型过时，以及最大的bug之一菅韧姿这位女同学，如果不是带资进组or强大的后台，那我真的不能理解剧组的选人眼光了。
十六夜清心,60,很差,2017-11-18,再接再厉 从一个稀烂走向另一个糊烂
常小宝,221,较差,2017-11-07,先来个差评，第一集里面的女主角全程尬演技，剧情也刻意尴尬。
pppdppp,74,较差,2017-11-10,买通稿、刷五星、骂路人，唐人三板斧出尽，该轮到观众评论了。这剧从播出前的万众期待，到播出后的跌破眼镜，主创把锅甩到评分网站、对家黑粉、观众没文化恰恰是最跌份的。主创如果失去对本行业的敬畏之心，没有对所描述行业/人物的尊重之意，想靠哗众取宠的夸张设定搏眼球，这样的结果情理之中。
Abramtsevo,99,很差,2017-11-11,看了几集有点尬，不看了，害怕毁了万茜。
花木一庭,687,力荐,2017-11-09,这部剧的台词和细节非常经得起推敲，有的台词真的很玄机啊 ，句句机锋。男女主人设都非同一般啊，男主非常有野心，女主相当明白自己要的是什么，就是感情真的好狗血
深海,95,力荐,2017-11-18,菅纫姿演的真不错，这样“在男人间跳来跳去的女人”我居然没法讨厌。胡歌一如既往演技颜值都在线。就是这剧的背景音是谁设计的啊😢不好听，一点也没跟上剧情。期待后面的精彩情节。
阳聪嘻嘻,601,力荐,2017-11-07,所有人都应该期待《猎场》这样一部不媚俗，没有套路的剧成为大爆剧，因为大爆了才会产生跟风。而一个认认真真讲职场，讲人性的不完美，讲个人的成长的优秀的剧，被整个国产剧行业跟风，会是观众的一件幸事。
晴雨晴天,529,力荐,2017-11-08,国内这么多年了电视剧一直很脑残，终于有一个带智商的了，不容易啊
jamesdean,72,还行,2017-11-09,营销过甚，站得高跌得狠，只看了两集，胡歌身份暴露打算靠真实身份重新开始，无奈剧本还是太业余，职场戏太简单，感情戏太敷衍，说是现代戏又对社会现实若即若离，生怕触到雷区，基本靠并不高的颜值凑，捉襟见肘，毕竟今天高质量的美剧都看不过来了，这样小儿科的廉价现代戏还是给虚拟的古装戏让路吧！
zuki monster,266,很差,2017-11-07,那第一集的那场在车里的对话 真的是 你棚里拍车 也不说动下灯 那光打的 再说那对话 即尴尬又空 那表情就更别说了 时间还这么长 这么拖 这剧看到这我就关了 没法看
日沉阁,174,很差,2017-11-09,胡歌演技吹那么大，这剧完全暴露了他的短板，加上这剧情那么狗血，花了那么多营销费都抬不起收视率，真扛不起男主戏
戏里看花,113,较差,2017-11-12,吐槽点太多，就只说剧中男主一点吧：他的智商。男主如果是一个智商高的人，为何屡次三番做类似走私草药、传销、假冒身份这类傻事（这假冒身份的事做得太傻x了）；男主如果智商低，为何从进监狱开始就开挂了，考什么过什么，出狱后直接应聘年薪过半百万的总监？所以，男主到底是怎么样一个存在？
达康书记,146,很差,2017-11-09,前两集，廉价的乡土爱情片，爱装逼的文艺女青年，大概是那个时候所有男生的梦中情人了吧，这种三观真的正常吗？白莲花圣母女主，守着重病现男友，又跟前男友死灰复燃，伊人一出现，整个画面就跟静止了似的，点着2.0x的速度，都忍不住想拉进度条。果然期待越大，失望就越大。
无念,274,力荐,2017-11-13,神作再现
"小野,妹子",178,很差,2017-11-09,"看不下去了。。。李逍遥 + 明台。。。
快进坚持到第7集。。。二星稳赚一星不亏。。。"
Kemieer,100,较差,2017-11-10,20分钟弃 台词写得都是人话吗 两个人坐在那儿一聊就是半个点 你以为在演舞台剧呢？ 恭喜胡歌贡献了我认识他以来最丑的荧幕形象 看起来就像是个毛头愣子 搞什么upper class的大牛
进步青年,65,推荐,2017-11-18,前期确实有粗糙感，后期还挺好玩的。
bluerider,57,较差,2017-11-18,11月18日看到今天，痛心弃剧。都什么乱七八糟的，完全找不到整部剧的主旨，旁枝错乱，上一秒给人惊喜，下一秒不知道又跑到哪里去了，女二人设崩塌，过多感情戏，职场比例太少，……对姜导的金字招牌失望，对国产电视剧的现状失望😞以后只能希望寄托网剧了
饺子℃,221,力荐,2017-11-14,值得一看，比很多小鲜肉什么的有演技多了。
锦二爷,326,很差,2017-11-08,剧本非常的傻，演的也差
纸艾特笔,115,较差,2017-11-10,这剧前两集值一星，后面有好转也不过就两星的水平，实在看不下去了。以及胡歌粉里脑残真多啊，稍微说点不好就会被打成黑。怕了怕了。
上唇贴左唇,88,很差,2017-11-14,也不是烂得不能看，不过粉丝跪舔的姿势太恶心，本来只有2星，减1星。。。
彩虹公主,184,很差,2017-11-08,演员阵容（胡歌、张嘉译、孙红雷、祖峰等）吸引我想追剧，期待着看了前两集，真心看不下去，太狗血了。弃
顾城的帽子,147,力荐,2017-11-16,不明白为啥有这么多的黑子。。。真心感觉豆瓣越来越水，个个都是那种崇洋媚外狗，还大言不惭说本来就是有差距，以掩饰自己外奴的心理，果然在中国外国人混的如鱼得水。。。。
Rosalind,61,较差,2017-11-13,这种阵容居然排出这种水平？
小时想睡觉,230,力荐,2017-11-14,虽然大家评价不高，但是我觉得还不错，没有玛丽苏，霸道总裁，现实世界就是这样复杂多变。
咖啡丨魂,230,很差,2017-11-08,剧情尴尬的不行，演员就是在自己演自己的。
林七,184,很差,2017-11-08,被压的剧，一般不会有多好。狗血三角恋真无聊，还敢不敢再拖沓一点！
上墨,286,力荐,2017-11-12,一星的那么多，五分平衡
深夜声咽,8,,2017-11-10,地铁别人的手机喵了几眼，字幕：这发型有点意思。的确老胡你不能整个这样的发型不适合啊。
最美的时光,118,很差,2017-11-07,胡歌可别天天出去留学了，语言班现在过了吗？有那个时间好好研究剧本不行吗？
不爱吃鱼的猫,76,很差,2017-11-15,编剧是对猎头这个行业有什么误解吗？不过又是打着职业的大旗谈恋爱的狗血剧情，演员表现还都可以，最近几集的剧情简直狗血到想弃剧，一直在等商战的剧情，却磨叽的没完，而且看来是等不到了
鲁一,104,很差,2017-11-11,"怎么分数越来越高了？
这剧至今还在看的是眼瞎呢？还是智障呢？"
与,68,较差,2017-11-22,建议改名情场绿场或者输出全场
LIUYIHONG,294,推荐,2017-11-09,三集以前是真的垃圾，三集之后感觉不错。
韦光鹏,64,较差,2017-11-18,前面几集节奏尚可，后面编剧开始失控和乱来了，三段三角恋，编剧是三角函数做多了吗？而且还互相绿来绿去，要把胡歌打造成绿巨人？？职场不像职场，言情不像言情，情节推动完全靠婆婆妈妈的谈情说爱。麻烦编剧先去刷几遍《创世纪》再来写商战剧。
向日葵,65,较差,2017-11-13,完全看不进去。
开心快乐每一天,53,很差,2017-11-10,1-6集观感：期待已久，观之失望，人设不是很合理，显得浮躁。
懒魔女,62,较差,2017-11-20,即便短评区都是男主粉，都难以挽救这部剧的失败！撇开画面渣的问题，“剧情不够、滥情来凑”的剧情才是路人diss的重点！打着“国内首部猎头”题材的旗号，实则是不带滤镜的玛丽苏。
山鲁佐德,289,力荐,2017-11-13,讲真 我觉得还不错 吹毛求疵打一分我也是想不明白您的脑回路
屋顶小懒猫,83,很差,2017-11-10,感受就是：简直不想让这部剧出现在我的“看过”列表…… 但是为表达不满，还是得打个分
西厢冷,109,很差,2017-11-10,太失望！女主演的太！烂！了！仿佛是国产烂剧里穿越过来的人物！原本期望太高了，还是给一颗星
苏妄言,61,很差,2017-11-10,垃圾
漫路修,65,较差,2017-11-16,剧名叫《猎场》，宣传也讲的是职场上的事情，但感情戏是支线，太多了，反而职场的这条线淡了许多，本末倒置，丢了西瓜捡芝麻，变琼瑶剧了
天琊,96,很差,2017-11-16,好看的，我都快吐了，都18集了，猎头的事情不讲，怎么奋斗的不讲，全程在讲前男友，前女友，这tm熊青春前男友回来了，放弃对自己好的，跟自己奋斗的，又屁颠屁颠去照顾前男友妈妈，真是价值观奇葩剧，一星送给胡歌吧。
吃寐惘俩L良,71,很差,2017-11-15,看了前面2集，类似欢乐颂2那种BGM旋律恶心到了。    另， 本来想给2星，看在胡粉好可怕，给一星。
暖暖鱼,142,很差,2017-11-09,这部戏不用等看完就可以评论了，因为第一集只看了20分钟就实在忍不住换台了。剧情空洞对白肤浅演技尴尬毫无深度。不知道除了吸引明星脑残粉还会有什么人愿意看。豆瓣评分也很公正，前几个都是一星评价。感觉越往后分数只会更低，目前的5.9分还有水分。这么烂的戏也是难得～
阿尔法,11,还行,2017-11-14,与郑秋冬共勉
姚姬旦,178,很差,2017-11-08,low，烂，中国不但太缺好演员，更缺好编剧。
sirs,82,很差,2017-11-13,什么破玩意儿。。
折眉,296,推荐,2017-11-11,不知道为什么这么多人打一星...
巴旦杏和满岛光,13,,2017-11-22,各种四星刷的好评……
aglaonema,154,还行,2017-11-15,五改三
白泽,159,很差,2017-11-09,"粗鄙 无趣 尬演
胡歌是不是命中缺女主
生活里是
演戏更是
比程锦云更恐怖的女主
罗伊人
卧槽
胡歌的演技口碑要崩

说什么低起高走
如此之烂
买水军刷五星不要太过分"
Jolly.,448,力荐,2017-11-11,台词越嚼越有味道 郑秋冬的故事虽然是极端特殊的人生 却折射着最大众人群很多时刻面临的诱惑  “你什么时候才能想做个普通人呢？” “我一直不想做，可一直都是啊”
Someone,216,推荐,2017-11-12,前两集确实水准差，后面还可以啊，不知道那帮打一星的是怎么了
XkuroroX,236,力荐,2017-11-13,"肯定不止三星,我觉得现在评分有黑的倾向，看完全集可能会改四星"
长腿叔叔,78,较差,2017-11-11,传说压箱底的好剧？？？？
我偏不,87,很差,2017-11-11,行了 对胡歌粉转路
Yu@cat,366,力荐,2017-11-11,感觉女主罗伊人角色莫名让人心酸，无助时走入世俗的现实中，没有沉迷，确是成长。本性善良，有些文艺，有些潇洒，堪称职场文艺女侠。 这个剧成功之处就在于后期教会了男女主如何在纠结复杂残忍的现实中中去成长吧～
秋秋球Qiuu,110,很差,2017-11-10,评论区脑残粉逮一个说不好看的就骂，太可怕了，那天等洗车的时候看了一集，这后期调色比我还烂，胡歌真心演不出这种角色，明台人设那样还合适，还是梅长苏经典，别说人家年纪小好伐啦，好歹也出道这么多年了，演技真是…失望
一灯,114,力荐,2017-11-07,渐入佳境
一掬桃花酒,148,很差,2017-11-09,一集弃！节奏慢，剧情狗血，三观极其不正确，女主讨人嫌。胡歌下次挑挑剧本吧，能容忍你做广告胡，不能容忍你做烂片胡。
白小蝎,251,力荐,2017-11-08,前两集虽然拖沓，但实际上是为了展示人心险恶
夜泊秦淮楼,154,很差,2017-11-09,什么鬼，画面这么难过，剧情这么扯淡，演技这么尴尬。关键还能炒成这样，也是服气的。
刘没没,230,力荐,2017-11-10,期待猎场的发力，加油！
蕾蕾,61,推荐,2017-11-18,还是确实用心写了
树下的猫,44,较差,2017-11-18,作为胡粉一定要提醒哥，这剧真不好看，职场剧感情戏太多，猎场在哪呢，改名情场吧！
小然子哼,137,很差,2017-11-09,我tm吓死了，看到有人说这部剧适合上了年纪的成熟人士观看，还说这部剧主角团大多带有人生污点人品缺陷，非常写实符合社会大环境……卧槽，勤勤恳恳老老实实在职场打拼晋升的绝大多数善良朴实老百姓表示这锅不背，你以为稍微涉及了点社会阴暗面你就是黑镜了？
长安老农,94,力荐,2017-11-19,挺精致的戏，为什么得分才6.2？
UJ,324,还行,2017-11-12,再也不相信豆瓣了！这么好看的电视剧！   P.S.听说打五星或赞五星评论要被封号了？我倒要看看一直信任的豆瓣会露出怎样的嘴脸？  三星吧……后面的剧情确实不行 豆瓣我错了
居无间,140,很差,2017-11-09,按说电视剧都会好好做前几集，这剧一上来就狂洒狗血，狗血浓度90%+，自毁式创作。第一集，一星，不能再多了。
夜雨话鬼,308,力荐,2017-11-14,难得好剧！豆瓣是不是可以弃了
朕是个好皇帝,90,很差,2017-11-10,别是胡歌就舔
八月爱人。,55,,2017-11-07,莫名其妙🙄每一句台词都深深戳中我的笑点，放过《挪威的森林》放过《重庆森林》放过所有森林吧，这是成功学的爱情故事吗？（我也是吃多了好奇心重）
高地荷兰,263,力荐,2017-11-13,真实的可怕
Cayenne,376,力荐,2017-11-10,越到后面越好看，无知的傻屌们瞎给分
seven 翔,153,力荐,2017-11-15,郑秋冬最大的幸福是有那么多好的女孩，但是我更希望他和罗伊人在一起，经历了太多的磨难
夏小楂,38,较差,2017-11-23,一部片子的精致和内涵 真的不是靠大段大段名言名著古文鸡汤台词堆积出来的 更不是一集又一集俩演员皱着眉头一脸认真怼台词飚表情 无论什么情节bgm都严肃古典到出戏 看着心累 尿点多到虚脱 希望胡歌团队能别走歪
队长别开枪是我,344,推荐,2017-11-08,"本来为了中和评分给了五星，但是里面感情戏太多了，写的又矫情又无趣，职场部分刻画太少，对编剧失望。文艺中年矫情起来真可怕2017.11.18终于有猎场的部分了，加一星，四星"
我叫猪英俊,54,很差,2017-11-23,一直期待着后面有反转 有“渐入佳境” 但如今只能说非常失望 槽点太多 不符合逻辑
Jamie_L,51,较差,2017-11-18,其他不想说，只想说说这个电视剧的配乐，真的是我看过的最尴尬的了，莫名其妙出来的像悬疑剧的背景音乐是个什么鬼！！！
海边的卡夫卡,42,较差,2017-11-20,因为胡歌，所以失望。
春风不相识。,53,较差,2017-11-15,剧情和演员真是没一个让人安心的。弃剧。
解压,65,很差,2017-11-10,一上来宛如大型传销现场，胡歌别整天吹通稿了，有没有演技观众不瞎
万能的冰箱,109,力荐,2017-11-16,你们敢打一星，我就敢给五星
树叶,51,推荐,2017-11-17,十年修得罗伊人，百年修得熊青春。
Erica,98,很差,2017-11-12,年度最失望电视剧！看海报，你会以为是胡歌张嘉译孙红雷祖峰主演的，其实呢，出了十集，张嘉译还没出来呢，祖峰两三集就死了，孙红雷的戏份也很少。剧情好无聊好无聊，男女主人设好莫名其妙。如果你以为后面会好看点，我已经看了十集了，我表示很生气花了这么多时间看这么一个破电视剧！
深夜的阿斯伯格,19,还行,2017-11-12,别说这片头不是抄的《真探》
眠歌,5,还行,2017-11-18,第一集，真对女主不感冒
Smilemoony,202,较差,2017-11-07,剧情和表演太渣了，失望
fayr,108,较差,2017-11-10,把看到说画面差的都点赞了。剧本演员也不说，宣传之前，怎么不调修一下如此影响观感的乡村山寨风的色调，这个很难解决吗？听名字我以为是谍战商战，出了预告就觉得不妙了。其实胡歌确实更适合古装，伪装者剧不错，他个人的表演并不出色，琅琊榜确实演的不错，精品制作也让他彻底翻身，可惜这又倒回去了
紫沫薰烟,186,很差,2017-11-08,真心不懂胡歌为什么要在琅琊榜之后接这么一部毁口碑的剧，剧情，台词，剪辑，画面质感无一是处，本来一集就想弃了，为了胡歌坚持了四集，可惜仍然没有什么改观，白瞎了那么好的演员阵容（女主除外）。PS:男主问女主老白还有多久的时候，瞬间让我觉得西门庆和潘金莲附体。。。
6分钟哭泣男孩,58,较差,2017-11-15,看到第16集，开播至今看到了无数吐槽。结果自己去看了才知道真是神坑，剧本是枪手写的吧，姜伟？？？
vin,336,推荐,2017-11-09,这两天看喷的厉害所以今天才看，觉得没有说的那么不堪，至少故事内容包括演员都还OK，胡歌演技也没那么糟糕。我觉得问题在于后期制作，剪辑配乐调色都不够好。
二丁目的目,131,力荐,2017-11-15,平衡一下
petalcee,88,很差,2017-11-11,那么爱胡歌的我都真真看不下去🙂找不到任何地方可以给好评……
有鹿梦,342,很差,2017-11-07,本以为很好看，看完一集完全不知道在讲什么，乱七八糟的剧情。真的好难看。
fre_issey,44,,2017-11-14,别以为拍过几部好剧就想着可以封神了！导演和演员都是！说这剧本是四年磨出来的，谁信？
IRINA,75,很差,2017-11-21,这两年让我看的最尴尬的剧了…
甜儿的麻,70,很差,2017-11-13,我只想说，编剧能提高一下水准吗？每次拍职场剧都是特别不专业，为什么不去访谈？不体验生活吗？
扶桑de弓,81,较差,2017-11-09,演员阵容如此强大，内容一言难尽。。。。看了一集，有点无聊。哪天挑着看看万茜的部分。
family,128,推荐,2017-11-13,三星半吧 目前
高端电焊杨永信,22,很差,2017-11-24,犯罪 悬疑
一直大迷鹿,210,力荐,2017-11-14,万茜上线后的角色完爆圣母婊，果然看胡歌还是得看是跟谁搭戏，罗伊人这角色真心不讨好，满满的海藻+程心的感觉。
过儿,241,力荐,2017-11-14,精神食粮万千，不合你口味，你沉默弃剧就好了，非得骂一句才安心，这也算了，但是那些边骂边看的傻逼，请问你是啥心态？
caffeine.,97,很差,2017-11-10,调色 台词 剧情都很尴尬
蘑菇虾仁爱好者,355,推荐,2017-11-08,从前面几集看，男主和配角部分完成得很好，演技在线，特别是伪君子的白老师，特别抓人。剧情虽略凌乱缓慢但也说清楚了，就是女主的演技真TM 不能忍，一大坨老鼠屎啊，这是要走大甜甜的路线吗？？？浪费我一群男神的演技哎……
_Tacey,573,力荐,2017-11-08,说不好看的站出来，喜欢这样的节奏，每个人物自己带的属性传达得都很清晰，好久没看国产剧了，打call
幸福雨不停国01,41,,2017-11-06,冲着卡司和之前好多看过样片的业内专家的好评才看的，不过第一集剧情真心尬，实在太无聊，全是感情戏，我认为菅韧姿完全撑不起女一这个角色，也不符合大学生的气质，而且这剧打光问题很严重，胡歌好几个角度脖子颜色简直没眼看，目前为止，没有觉得很好，看后续
你的名字,142,力荐,2017-11-07,有胡歌的五星给胡歌，不看剧情只看人。再说前几集是铺垫，看了预告感觉后面很给力啊
必须改名了,68,较差,2017-11-13,看得非常痛苦，两个没有父母的主角，谈着琼瑶式的恋爱，浮现不出他们的性格和前史，进行着虚无的“奋斗”，最后似乎又是要达到一种完美的成功。费解，不知道编剧心中的人物到底是什么样，但在我这他们都没有活起来。
长雀斑的牙套妹,249,推荐,2017-11-13,猎场一出来讨论度就很高，本来以为评分这么低不好看，看了几集觉得没有说的那么差
mewkachu,74,很差,2017-11-16,天呐，今年是流行弱智剧么
你看起来好像很,291,较差,2017-11-06,第一集什么玩意儿啊，期待了那么久，铺天盖地的宣传。第一集没有任何抓人的点。这个女的演技也尬尬的。灯光，台词都感觉是十年前的电视剧。本以为是精英气息满满的，没想到是这么不成熟的感情。那些配乐根本不需要。还没有网剧水准高。
姜文文,49,很差,2017-11-09,忍到第六集，受不了了……这还能吹下去……豆瓣还能打六分，高了高了……
軒,20,还行,2017-11-18,演技在线，剧情狗血，看不下去，莫名其妙，里面的人物
厌枝,104,较差,2017-11-13,-三星表白放飞自我的万茜女神，加一星给帅雷雷。21集的作逼剧情减一星，29-30，一个调情用了两集，有病？再减一星。你就继续作
willack,454,力荐,2017-11-09,说演的不好的都眼瞎嘛？？给一星的id全部找出来、封号，真是水军横行
SS·10028100,106,推荐,2017-11-15,目前看到16集，整个剧基调算是定了。编剧的专业性我无从评价，但文学性算是国产剧里头挑尖的。缺点是八点档都市破戏太多太烦，只能跳着看。PS.胡歌适合演郑秋冬，有点金融界装X老直男的意思，只不过台词还是太飘，正气凛然这个词不适合他，毕竟他一深刻我就想笑。
你问我资不资辞,44,很差,2017-11-22,这背景音乐简直太让人分神了（没错，我又是因为别人在看而被强行带着看了一波）
IRIS,192,很差,2017-11-08,就男主的脸已经不适合演电视剧了
bluesunny,54,推荐,2017-11-17,总觉得不是现代发生的事
什么不值得玩,73,推荐,2017-11-16,罗伊人真的很像赵奕欢！
吴松张,172,很差,2017-11-07,讲的什么鬼，演技也没有一个在线的，弃
Tuscansunshine,57,较差,2017-11-17,已经没有啥追剧的动力了。编剧还是不太行，和心目中的猎场差太远. 一到罗伊人和郑秋冬的戏节奏就跟乌龟一样慢。特别不喜欢郑秋冬这样的人设，左右摇摆
Shelia Liu,120,推荐,2017-11-13,每一集水平都不稳定啊…有时候想打高分…感情戏一来就快进…不过女主是个聪明人，对中国电视剧来说有这么神助攻的女性角色已经不错了…
gredi,298,推荐,2017-11-08,很有趣，尤其男主的设定，上来就一股浓浓的忽悠味儿，落魄而丧，还发展出一对狗男女🐶😂。胡歌这演技越发强了。只是纳闷这么丧的一个人跟一身文艺装X范的教授怎么会是师兄弟的，这得是什么样的专业啊。
亦璇,212,很差,2017-11-07,哇……看的真心不舒服，无法理解男主的脑回路。另外，这剧营销太过，胡歌也被捧得太高，其实看下来蛮失望的。。
该Yann你去光禹,82,较差,2017-11-12,胡编乱造，漏洞百出！
Fancy,102,很差,2017-11-10,十五分钟弃
音色与天色,141,推荐,2017-11-13,前几集确实不好看，特别是感情线无聊生硬，直到看到万茜出来后才好看起来，打四星平衡一下！
土狗部长,56,较差,2017-11-11,白瞎这个阵容了
磊磊？,73,还行,2017-11-09,作为一个胡歌粉我尽力了。哥啊，你不是在演明台啊！你演戏不能被人物限制了，不然就和勒东老干部一样了呀！还有最不能忍马桶台电视剧的色调，这到底是谁决定这样的？鲜艳的令人作呕
豁出去的平凡人,39,还行,2017-11-13,披着商业职场剧外衣的狗血爱情剧！
内圣外王,454,力荐,2017-11-09,个人觉得，那么多喷子喷的有意思吗，上过大学吗，了解这个行业吗，不懂别逼逼
仁慈的父,28,很差,2017-11-24,看了几集就觉得乏味了，过去的老新闻这么用也太无趣了，刷热点什么的麻烦严肃点，也就胡歌演技在线还值得一颗星。当想象成份超过写实成份的时候，这个题材就无聊了，还不如去做霸道总裁爱上我。也是怪了，身边认识的老头老太太爱看。
Necromansy,73,较差,2017-11-11,看完前八集，三星改两星。男主角真是印证了一句话：可怜之人必有可恨之处。即使被人戳穿身份，第三次栽跟头，他依旧没有意识到自己的问题所在……如果再这么拍下去，三观实在令人作呕。
不放弃的小胖子,49,很差,2017-11-17,罗伊人是要有多克夫，只要沾上她，坐牢是最基本的，死了也正常！三个男人，一个克死，两个坐大牢！现在一看见她就觉得恶心。
淋,128,很差,2017-11-07,胡歌的演技和这个编剧水平是相配的
超人,128,推荐,2017-11-07,四星观感给踏实的表演和原声台词。很高兴越来越多的演技派原声出演，考验台词功底的时候到了，虽然他们的声音听起来不甚完美，但是更真实也更感人
达野风,46,还行,2017-11-11,虽然隐约感觉大主线应该不错，但7集依然不知所云，职场不职场，悬疑不悬疑。磨唧到不能再墨迹
曲名南,68,很差,2017-11-20,弃剧了，这剧情，狗血淋漓，几个人在忘不了的过去里搞来搞去。
范海鑫,85,很差,2017-11-09,身边的人都在追，给人一种貌似很好看的赶脚，然而喔感觉很难看，我不是一个人吧
songsong,382,力荐,2017-11-11,剧情很现实很好看，很久没看过这种剧了
深度电影圈,223,较差,2017-11-07,这剧拖到现在播真是败笔，摄影技术还停留在5年前，台词和剧情太尴了，奔着老胡和导演去的，就这样还说是精品剧，真是被那些闭眼吹的人辣眼睛。
长安笑笑生,58,还行,2017-11-08,看了两集《猎场》说说所谓感情线，后续不知。一直在提《挪威的森林》这真是个滥觞的时代。能放过文艺青年吗？这年头，文青已经被揶揄的很惨了。
Jody.L 李九弟,69,还行,2017-11-07,前三集是大硬伤，孙红雷出场后观感好了些。||一，情情爱爱占据过多篇幅，来来回回一件事说半天，节奏被打散。二，戏剧性剧情现实化不够。三，不说人话，你身边有“文青”这么说话？是文青这么说话还是刻板印象？
田家小田,71,很差,2017-11-17,失望至极
木晨INS,41,,2017-11-07,通篇回忆伤感，一部伟大的偶像剧。
小sam,477,力荐,2017-11-10,分会上来的，一部五十二集的电视剧，十年时间的跨度，两集弃坑的人，棒棒哒，这也不是电影，也没改编IP让你们内心有个预期，真是不好意思了。
Miss.潘达,65,较差,2017-11-16,当我知道这部剧有50多集的时候，我就彻底弃追了。估计结尾就是男主走向人生巅峰的故事，剧里涉及到的商业及情感内容已不想再吐槽了
CONAN,14,很差,2017-11-09,"大男主剧中塑造的女性角色，个个都是神经病?人设崩得毫无逻辑!大男主""杰克苏""的疯狂"
那点红~,481,力荐,2017-11-07,看过两集的人也好意思来评分，后面剧情跌宕起伏越来越精彩了耐心一点
临风志清,88,力荐,2017-11-20,前面2集确实不好看，准备弃剧，正好前天打球扭伤，在家躺着没事就继续看了，后面一口气看了17集，停不下来，也不知道那里吸引，有些剧情不现实，但是觉得很有意思，而且演技都在线
陈阿娇,129,很差,2017-11-08,女主太丑了！演技太尴尬了！求把女主的戏都剪掉吧！
红红嘴,53,很差,2017-11-13,故弄玄虚的厉害 除了核心主角 其他一切都够粗糙的
solate,181,还行,2017-11-06,两星给胡歌，台词幼稚，梗老且烂，女主绿茶婊
Ｚ⋆x｡,117,很差,2017-11-08,很好奇罗伊人现实中的背景，全程无表情还镜头各种多。难道戏中的首长是现实中的干爹？真的太尬了，每次看她出来一副装出来的文艺感就好想摔遥控器！！是否有同感的朋友啊？
石坚强,275,推荐,2017-11-07,还在起范儿，希望越来越精彩
kino洛基,55,较差,2017-11-13,盛名之下…………
自由极光,151,较差,2017-11-07,如果前两集都是这样的质量，后面的真是不敢恭维。。。
此用户已神经,70,还行,2017-11-09,看到第九集，果断修改评价，提升评分到3星半，前四集和后面真是一个导演吗？简直难以想象，无论剧情还是画风的差距都悬殊的惊人，难怪最初会有如此多恶评，本剧应该会是低开高走的典型了，胡歌的演技从前两集的尴尬也渐渐找到了感觉，更可怕的是本来觉得婊气十足的女一居然也不再让人讨厌了，醉了
白木,105,很差,2017-11-10,那个台词的羞耻感扑面而来，可怕……
伽蓝,52,还行,2017-11-11,胡歌和万茜的演技是在线的，就是剧情推得慢，有些地方bug当成脑洞开，也是让电视剧智商下线的地方。会继续快进追。
百毒不侵,70,很差,2017-11-12,在国内编剧的眼里 所有人都是矫情逼和装逼犯吗...一个个人物都跟SB似的 真看不下去...
暮暮,572,力荐,2017-11-09,“曾有壮志拿云 不悲人生短暂”《白夜追凶》后已经剧荒很久了。虽然感情戏被女性观众所吐槽，但瑕不掩瑜，胡歌、孙红雷、曾可达、罗海琼等演员演技爆棚，剧情极为精彩。
阿顺,370,力荐,2017-11-08,豆瓣评分5.7？看过剧本的本人感觉这戏最后怎么着也能到8分，立贴为证。剧本非常棒。虽然呈现出来的第一二集调色剪辑有问题，但剪辑掉的也是不可抗原因。胡歌演的真不错，拿捏很好。如此道德瑕疵感的人设最后的不断反转才更惊心动魄。看完三四集，渐入佳境。姜伟领先行业半步。我不是托儿。
蕃小涩,410,力荐,2017-11-08,说胡歌没演技的人应该是眼瞎了……看完四集很不错~~如变雷再改分数
WIKI魏,42,较差,2017-11-23,又臭又长的一部猎聘广告片，给1星一定会被胡歌的粉骂。
Dina Ding,67,较差,2017-11-11,台词太尬了
citymole,23,推荐,2017-11-14,姜伟没有向资本献媚，剧本里满满的真挚和现实。胡歌奉献了至今为止最好的表演。
炒饭先生,53,很差,2017-11-22,剧本太烂了
无今,126,很差,2017-11-08,真的心疼祖峰老师 居然演了这种剧
好看公子,356,力荐,2017-11-11,听说现在资本家把豆瓣限号了，只要给猎场打5星，就会被封号，限制使用，我偏要给猎场打5星！！！！
我是牛我是牛,47,较差,2017-11-21,这电视剧啥时候拍的？这一个个的过期名词和手法！不怪胡歌 怪时代变化快
王小喊,125,推荐,2017-11-12,希望后面的剧情不会让我后悔打过这个分数…
半夏花开,37,推荐,2017-11-08,看到第六集为止，这剧的尺度让我震惊，虽然删了好多传销跳楼的情节但是，男女主都不是传统意义上的伟光正，男主传销入狱出狱后冒用他人身份，女主挂6科和博士生导师在一起又做了高官情妇，而且姜伟简直细节爆炸啊
General,70,很差,2017-11-11,垃圾，观众根本无法共情，长得帅有个屁用。
DIDO,66,力荐,2017-11-19,就凭前几集的说了这么多事的节奏就觉得这剧可以。大爱万茜。但是万茜为什么要和胡歌歌分手啊
malko,221,力荐,2017-11-14,目前看来，是渐入佳境，本来看了第一集一眼会很失望，后面还是忍不住觉得不应该这么久才拍成这样，于是就看下来了，觉得还是挺好的
瓦尔登湖边牧童,71,很差,2017-11-17,都贱癌入骨吗？
对儿勾,20,较差,2017-11-13,好了，万茜的蜜里调油部分基本结束了，剩下这些职场的东西太扯，戴科彬亲自出台也无法弥补，弃剧，对不起，胡歌
沈一,70,较差,2017-11-10,什么玩意
凹凹,179,较差,2017-11-07,尴尬的开场，失望
千年羽,51,,2017-11-07,一点多了，还搬东西，容易伤着腰。。。哈哈
在阳光下飞翔,347,力荐,2017-11-08,这剧不至于这样低的分，平衡一下吧😄
钟一,220,很差,2017-11-08,第一集的情感戏太重了，这究竟是行业剧，还是都市情感剧？胡歌完全又回到素人的状态了。一星给孙红雷吧。
胡同里的风,262,力荐,2017-11-13,因为胡歌才看剧的，前两集有点狗血，太多巧合。职场面试的桥段很喜欢，越往后越渐入佳境。
Irene,50,较差,2017-11-14,不能接受这剧和沉默的证人是同一个人拍的...
路儿,65,推荐,2017-11-20,还不错，剧情给力，目前职场戏份不多，女主罗伊人加分，批判这部剧女主的很多，我却被女主圈粉，很漂亮、很清纯的女孩，另外熊青春和郑秋冬的分手太无厘头，感觉很突兀，期待郑秋冬猎到曲闽京，也期待郑秋冬罗伊人在一起！！！！
夕夕都成玦,103,很差,2017-11-11,评论里一本正经的尬吹看着真辣眼睛，看了两集节奏拖沓故事狗血，男女主演技实在是不敢恭维，胡歌老师这么多年还是刚出道时的演技，作为老仙剑粉真心有点对他失望了。本来多好的起点为什么不能好好磨练一下演技呢？琅琊榜的时候明明还可以啊这是发生了什么历史又倒退了？
妖精的妄想,89,很差,2017-11-10,一集都看不完
小L,61,较差,2017-11-11,这后期硬伤啊。
我是桥头水,267,力荐,2017-11-13,最近几年看过最好看的电视剧，为什么这么多人黑，不解
Ziggy,18,,2017-11-11,胡歌代言的海盐酸奶真难喝，味道像抹布！母上大人说胡歌很帅！他在剧里比较倒霉，一直在擦汗，假冒身份怕被揭穿还遇到旧识拜访，想开溜被前台小姐叫住：覃总这边走，我给您带路……
悬崖撒手,74,推荐,2017-11-16,四星给胡歌万茜，感情戏太纠结，不喜欢但能理解…继续观望吧
sirius,108,力荐,2017-11-16,凭良心打分好么？豆瓣评分如果不涨上来，我真的不再相信豆瓣评分了。
April,201,推荐,2017-11-14,猎场是一部好剧。缺点也很明显：前期剪辑乱；“故意做旧”的08年，在2017年看起来土得过了头；配乐和音效时好时坏；讲故事的节奏在前期不如人意。但这种不紧不慢一直保持下来居然把我征服了。剧情却并不拖沓。目前（11集）为止，谈不上讲得多么深刻，但看得下去。称得上国产剧中的好剧。
雪糕的夏天,51,推荐,2017-11-18,国内的男星大多是走马观花，没有一个能像胡歌一样永远是我的尹雪艳！
Orihc,216,还行,2017-11-11,看到第十集，然后观望中。
小烨,126,很差,2017-11-09,太土了。
左疏狂。,60,很差,2017-11-22,真的是商战剧、不是狗血乡村爱情剧么 ？？？
哆啦A梦没有梦,61,较差,2017-11-18,作为一个薪酬hr，看得我尴尬症都犯了，薪酬总监那么好当啊。
美国往事,80,还行,2017-11-09,６/10 以往六点多的剧，有野心的一部剧。但是编剧非要到处参合一脚，四不像，把剧本水平搞得参差不齐。还有，弱化镜头语言和肢体语言，以语言戏为主，一个场景，一场“静态”嘴戏。还不如老剧，6.6分的《爱情新呼吸》，代入感和水平都比这部强。PS:败了近一半，没谁了。
Miss劉媛,334,力荐,2017-11-09,四集已经完成了平庸、谷底、割舍、励志、重生的人生回转，后面还能再有怎样的反转~ 迫不及待
Allen,37,较差,2017-11-19,三观不正
老树叉,239,力荐,2017-11-13,老豆友看不下去了，还算不错的剧！
安安安先生,57,很差,2017-11-13,看了影评，果断一星。
nuobi,40,力荐,2017-11-23,我努力撑到了第五集 有变好看 但是也妹有那么好看……我知道导演的企图 但就是不那么好看……如果早一点播估计能看完 现在的热情只够无原则打五星
彭思琪,45,较差,2017-11-17,一般般
吴大小姐,59,,2017-11-08,"必须承认，前几集果然很烂
但是五六集开始渐入佳境
秋冬和罗重遇的一幕胡歌演技爆表
罗那一刻演技巅峰
然后…又掉了…"
Christina,41,还行,2017-11-08,一集弃，鉴于没有看完整，勉强在2星上加一星。
夜十,34,还行,2017-11-11,因为面子，他可以去犯罪，因为面子，他可以出狱后伪造身份，因为面子，他走了太多弯路，快要放弃人生的时候才醒悟，这些剧情看得我真憋屈，本来人设是个绝顶聪明的人，怎么还能犯低级错误呢，本来孙红雷出现的时候我打算弃剧的，但看到万茜出来后我又决定继续追下去了，是万茜缓和了这部剧的无聊气氛。
@_@Jason,76,很差,2017-11-11,剧本烂，编剧根本就不懂什么叫体验生活。演员就不说了，台词就这么写，还不信你能演出花儿来。
♀惊蛰ぅ,75,推荐,2017-11-16,客观点，还不错的
鸭王张,55,很差,2017-11-17,太他妈烂了，万茜演的什么玩意儿，怎么挑的本儿，多好的演员演这么个角色，瞎了心了。
食肉战士赛文酱,80,很差,2017-11-14,怀疑编剧没上过班
Lyla,85,较差,2017-11-09,白瞎了一堆演员 女主是个什么鬼 太多情节设置太离谱
燕山衍黃.™,248,推荐,2017-11-09,还不错。支持胡歌。支持胡歌。支持胡歌。支持胡歌。支持胡歌。
米小fan,37,较差,2017-11-15,冲着胡歌的演技和颜值实在想追然而被这狗血恋爱剧情诡异伴奏混乱剪辑恶心到实在不行奇迹
霂公子,283,推荐,2017-11-10,很少看国产剧更别说职场题材的，最近网上对它褒贬不一，豆瓣评分也很低。可我觉得很好看，如果你坚持到第四集还说不好看，算我服，后面真的越来越精彩。非常期待
绵绵刀,53,较差,2017-11-20,剧情拖拉，二倍速看都毫无障碍。
安大倍ღ,51,很差,2017-11-21,别的槽都不吐了，勉强看到第21集女二回来分手我真的再也忍不了了。编剧的三观和爱情观我实在无法苟同，胡歌也救不了，再见了您内。
丸得否,247,推荐,2017-11-09,后面几集渐入佳境了，很期待后面剧情的发展，上班了就慢慢喜欢看这种类型的剧了
追风筝的少年,227,力荐,2017-11-14,不觉得有什么失败的地方，硬伤可能有，但是剧情很流畅就足够了，要怪就怪对胡歌要求太高，值5颗星，至少比以前的所谓商战片有突破
宋小卡,32,较差,2017-11-24,猎场是一部，特别神奇的剧，你给别人叙述这部剧的剧情的时候，会觉得这部剧跌宕起伏紧张刺激，但你看的时候，就是一部50岁大妈剧，观感对标李小璐的一系列电视剧作品。
Minimalismer,18,还行,2017-11-08,也就还行。
美蛙鱼私房火锅,105,力荐,2017-11-20,我觉得不错啊！要仔细看仔细看！有点社会挫折的人，都会有所共鸣吧！
A_n,236,力荐,2017-11-14,这部剧终究不会被黑子埋没，姜伟大大跪着服气
石小戌,64,很差,2017-11-20,尬职场，尬台词，尬感情。编剧脑子有坑
面包人生,22,推荐,2017-11-19,为啥每集开头跟上集重复那么多，52集加一起得多出来好几集的时间吧……
WSalomé,60,很差,2017-11-17,配乐直接搬星际迷航的来用🖕🏻垃圾好走不送
锦灯笼,57,较差,2017-11-11,二星给万茜！
安的漫長時光,106,很差,2017-11-10,。。。吹比瞎JB扯棒棒锤的蛋
睿蕊,256,很差,2017-11-07,看了两集，我的天呐，这是啥～
Lil' Silency,66,较差,2017-11-15,我看的是一个谈话型恋爱偶像剧么？不知道怎么他就能轻轻松松当了猎头，职业介绍公司怎么远转，这都几集了也没看到猎头打猎。我指望是在激烈的竞争中偷空赢得美人心，没成想人家大半时间都在跟新欢初恋纠缠不清…罗伊人没有女主像，男士西装土得无法入眼，所有的妆化都在二线城市市郊以下水平。
白糖木兆,21,还行,2017-11-12,感觉画质回到了三年前....制作太粗糙 每一个人物也不讨喜 三集弃
WTT,43,较差,2017-11-21,嗯，一有罗伊人出场就更没法看了
白羊,63,较差,2017-11-15,胡歌演技越来越尴尬了。。女主选的什么鬼
魏连殳在竹林中,26,还行,2017-11-18,看不懂是什么类型的片子，反正肯定不是职业剧，估计导演自己也搞不明白。一通经典直男文学主要情节乱炖。
TomasHardy,68,很差,2017-11-14,哎，胡歌长的是蛮帅，但情商太低，看了他那什么谍战剧 忘了名字了，3个字的，里面他和一个妹子一起跑到旅馆里面待着假扮夫妻好像，然后他就开始撩妹了，那谈吐，那眼神看得我一身鸡皮疙瘩，哎，情商太低，没办法，这剧我没看，胡歌根本就不会演戏，当模特去吧
Vulpecula.h,36,较差,2017-11-10,这部戏差到豆瓣都不敢显示分数。。。以免又被请喝茶。。。一水儿的一星。。。
Leonore,54,较差,2017-11-20,看了25集，就是烂片。
长春藤,252,推荐,2017-11-09,我觉得没有想象中那么好，但是也不至于打一星，这个太过了。
yoi,267,力荐,2017-11-12,电视剧除去前三集的狗血外还不错，就喜欢看主人公走地狱难度。冲着万茜再加一星。
ありす,13,很差,2017-11-22,粗制滥造的狗血言情剧，非要挂上职场剧的名号，我看改名叫情场更合适。胡歌表情浮夸永远都在演痞子。
嘘嘘,321,力荐,2017-11-09,里面的明星演技什么的，……人以群分吧！说句题外话，作为大二学生，大一找兼职经历过那些职业介绍所，感慨多。成都的城市之心大厦全是职介所，100多办张卡然后登录网站找工作……100多的卡费是挣不回来了，也认栽。希望出去找工作的同学们记住，你是去挣钱的，叫你交钱的就不要去了
三旋,260,力荐,2017-11-13,沉进去看才知道这部剧的良心之处，注重细节，关注时代中的小人物，非常值得一看。不知道这么多看不了几集就打一星的是什么心态？
Flamingo,37,还行,2017-11-11,迷上了万茜 胡歌前几集确实蜜汁尴尬 看后续吧
葬爱家族,61,很差,2017-11-19,请在家长陪同下观看此剧 剧里一帮精神病 看的时间久了 你会走火入魔的
自由豆腐,56,较差,2017-11-11,很无聊，，一般般，台词都什么鬼啊，什么滚刀肉都出来了，
吧啦吧啦说啊,88,很差,2017-11-09,实在不行，就算有胡歌也是一样
🤤,47,,2017-11-09,我发现胡歌演戏的时候最大的缺点就是喜欢摇头晃脑，为什么胡歌说台词前一定要先动一下脑袋？！现在的评分都不客观，先不评分，等追完剧再评分。
Cher,269,力荐,2017-11-13,五星给胡歌，这么精彩的剧，竟然豆瓣得分不高
王喝冰,7,还行,2017-11-14,这台词，这剪辑，这配色...追到第十集，实在是追不下去了...
蔚蓝的小卡,20,还行,2017-11-08,一般，不是很好
AllenTalks,96,较差,2017-11-10,非常失望 拖沓至极 假的一塌糊涂！
性感小腹肌,114,较差,2017-11-10,尬 劣
漂,208,力荐,2017-11-12,10集了，渐入佳境，势不可挡。
Bangdari,288,还行,2017-11-10,一群逗逼，没看到剧中埋的一堆伏笔暗示么？看了六集感触良多，时光不等人，你永远无法及时赶上你爱的人，她活得如此熠熠生辉，你却不知怎么地越走越偏，即便浪子鬼头，幡然醒悟，一切只能眼睁睁地看着发生却无力阻止。我说，别等我了。你会坚守到我回来么？我无法作出承诺。
两小儿辩日,66,推荐,2017-11-21,十集之后渐入佳境，比较喜欢职场部分，男主感情戏嗯…我也确实看不太懂，为了分手而分手，下一秒又可以思念前前女友，男女主角的感情人设都不讨喜，但也许是真实？哪有什么天长地久的守候！但是我爹今天问我老胡演的新电视叫什么！他们单位的同事都在看说好看～这让我这个粉蛮开心.此剧目前保持中立
Kowloon Tong,40,很差,2017-11-13,好可怕 而且胡歌的脸好像加速折旧了一样而且瘦了
chan chan,312,力荐,2017-11-10,节奏很好，好看
周南音,25,较差,2017-11-18,胡歌啊胡歌！
StevenSuen燚,7,较差,2017-11-14,万茜真灵。
谢雨宁,210,较差,2017-11-06,第三次打分，太失望了，这是什么玩意儿看了6集，觉得还可以，渐入佳境。第一集：老铁你从老白成老绿，第二集:用传销挣得一书包的现金就能买奥运村的120平房子，第三集：肖申克的救赎😂
😯,35,很差,2017-11-08,太失望了，播出的时候就守着看了，原本以为前两集线缓慢一点没什么，后面两集再一看搞得我现在连后续都懒得看了。典型的期待越高失望越大。
Friend Zone,258,很差,2017-11-07,写的什么玩意？拍的什么玩意？演的什么玩意？胡歌的演技还是一如既往的辣眼睛，不过看看导演，居然是拍《潜伏》的那位，我还能说什么呢？
复古小能猫,22,还行,2017-11-16,老白：妈哒，劳资都快死了，二位晚2天绿我行不行，笑嘻嘻
麦兜,126,很差,2017-11-09,太难看下去了，不知所云，女主角是演何以玫的，她干爹得砸了多少钱才能让这么多大咖陪她演着玩。演什么都像死人一样，还每次都是国色天香人设。
榴莲千层,155,较差,2017-11-08,没上映前牛皮吹太大，上映后觉得emmmmmmmm
醋酸根,93,很差,2017-11-09,女主的后台应该挺硬的，面瘫➕矫情太可怕的演技了！
丁丁,66,很差,2017-11-14,白瞎了这个阵容。。。姜导以后把编剧的活儿还是给专业人士吧。看着像个烂俗网络写手写的，满满对社会和职场甚至感情的意淫。
我,69,还行,2017-11-06,烂俗的情爱故事，三流剧里的俗套台词，尴尬的群众演员演技，让这部高期待值的剧一下就掉价了。但是看到第六集觉得这部剧主线故事还是非常具有吸引力的，希望后续故事能达到四星
Hughsun,136,很差,2017-11-08,冲着豪华卡司去看的，然后，，，没有然后了。
shiwanhong,146,力荐,2017-11-15,非常不错，支持胡歌
木木三于,280,较差,2017-11-07,之前过来给五星真是眼瞎了...嗯，说完了。
网红级别的辣条,19,还行,2017-11-19,女主在这部剧中犹如木偶，跟男主比谁的演技更差，意念型的演技配上丧丧的表情，让人不由得疑惑？当初的何以玫是谁演的？
疯人 愿,101,很差,2017-11-10,垃圾
雪夜读书人,74,力荐,2017-11-12,看豆瓣分低本不打算看了，好在仔细看看评论内容，前5的一星，4个针对胡歌的。自己看了10集，大概四星水准吧，黑粉太猖狂了，打个五星平衡下
莫销然,338,力荐,2017-11-13,注册豆瓣帐号多年，从没有写过短评，但是这次我决定为猎场说句公道话。猎场是我至今为止看过的中国电视剧里最写实，最敢言，最白描，最真实描写社会及职场百态的电视剧。商战中的内幕，私底下的交易，无奈中的妥协，算计中的市侩，作为一个已有职场十年历练的人来说，这就是我所认识的职场，残忍而真实
夏至花开,124,很差,2017-11-07,"亏我还那么相信胡歌，这烂片子也接两集弃"
刺客,274,力荐,2017-11-09,没说的那么差啊
kayla,211,较差,2017-11-07,猎场，又名营销胡现形记。
lazyzzz,321,很差,2017-11-07,太烂了才看了一集简直看不下去，无节操啊！！！
妙娃种子,114,推荐,2017-11-16,在国产职场剧中已经算不错的了，支持，当然胡歌和万茜的演技真棒，罗伊人演的也很好，她是个矛盾的形象，有自己的需求但也有自己底线。
Metry,267,力荐,2017-11-13,对于黑子我不想多说，这部剧至少打动了我，题材新颖，胡歌的演技很好，在每集中的细节表现到位，他的人生就是大起大落，性格、技能的历练一定是为了后面的崛起做铺垫，我支持。
_鱼,303,力荐,2017-11-11,我的成长。
阿布,231,很差,2017-11-07,烂出预期了
vacillate,46,推荐,2017-11-20,胡歌是《猎场》打出去的一张王牌，但是男主，满嘴跑鸡汤，就算胡歌演技再好，台词不接地气，也很难讨喜。不过为了胡歌打四星吧。
月光的幻想,179,推荐,2017-11-08,薄积厚发
半夜不睡学猪叫,149,推荐,2017-11-12,"监狱里面又好玩个个都是人才，超想去的
哈哈哈？"
子木,45,推荐,2017-11-17,看到第二集开场的三观简直了，这真的是女主么？如果没改变要弃啦，两星多一星等孙红雷和张嘉译6.2分。13集涨到四星，我真善变
可能是蔬菜,53,较差,2017-11-20,难看的想骂人……胡歌是现代剧毒药吧………他只适合演古人
二一老人,55,很差,2017-11-16,171115，实在看不下去了。
°  美丽而已,214,很差,2017-11-07,呃，是讲的些什么鬼？胡歌老师是不会演欢快的戏吗？我带着粉丝滤镜地虔诚希望您还能进步很多！！！
kssain,261,很差,2017-11-06,剧情拖沓冗长，胡歌的演技真的不行，感情部分也无趣，商战部分暂时也不出彩
树里,269,力荐,2017-11-12,"话说  这剧黑的人也太多了吧~~

明明很好的剧"
白素贞,63,很差,2017-11-16,看了几眼实在受不了胡歌的演技，关了。
Yori,43,推荐,2017-11-12,女主是何等绿茶，读书时出轨师兄，工作时给高官当情妇混职场……不过陈龙好帅呀😄
我是直的,22,较差,2017-11-11,看了打着职场幌子实则爱情纠葛的预告白眼直翻 昨天在家人追首播的情况下看了前两集 乱里乱气的 还有以前觉得麻雀的片头够真探 看了猎场的片头也够麻雀的= =第三集预告有种强行高智商犯罪？的感觉 只看两集打低分怕被说是黑子 再观望（11.7）什么跟什么 装逼不成反而尬
........,199,很差,2017-11-08,剧情拖沓，失望至极
有人居然,46,很差,2017-11-16,什么几把玩意儿啊…弃了
Innerpeace,84,力荐,2017-11-20,自2015年的期待。终于有讲述HR & Hunter的电视剧了。很多熟悉的剧情想起了过往。怀念一段岁月，及，背后的辛苦。
迷陣,63,力荐,2017-11-18,挺不错的啊，罗伊人越到后面越觉得不错
Hieronymus,205,力荐,2017-11-13,挺好看的，剧情紧凑
稀饭有范儿,69,很差,2017-11-16,哎 这怎么能是拿过最好的剧本呢？剧情乱七八糟，人物性格矫情、行为无逻辑，不说猎头就普通职场就不是这样的吧... 和芒果台那些低智商青春剧一个水平，一集都看不下去啊……
KO,57,很差,2017-11-14,真是被恶心到了
青禾叙阳,365,力荐,2017-11-06,我来改分了。前两集真的很难看么？除了爱情的部分确实比较拖沓，都很好啊，节奏也没有大问题，确实在铺垫啊 而且你们不觉得演的很真实么 像老白这样的人，正秋冬这样的人，罗伊人这样的人。恶意差评真是没办法。和我爸一起看完的，完了之后都忘记该洗碗了。。。准备开个会员看3、4
无聊,155,较差,2017-11-06,胡成小三了？感情线发展太快了吧这就吻上了？
扯淡的青春,77,较差,2017-11-08,现在这分还是锁住了？前期吹得多大，后期反噬就多大，打造精品剧，剧一出，就变成狗血剧，台词尬，画面土。。。男女主感情线绝了。。。演技，配角吊打
。,274,较差,2017-11-06,胡歌依旧撑不起一部戏，国民度是高一些，但是粉丝别尬吹
Betsy_,4,较差,2017-11-24,有点扯
叶子的眼睛,32,还行,2017-11-07,看了两集，感情线好混乱，感觉郑秋冬快算是小三，罗伊人算是脚踩两只船了。还有就是化妆师这化的是什么妆啊，特别是郑秋冬那个唇色。
金钱草,97,较差,2017-11-07,配角吊打系列
大西瓜,14,较差,2017-11-13,胡歌演技好像倒退了
陆东青,189,较差,2017-11-06,强行文艺套用重庆森林的台词
御剑乘风,140,较差,2017-11-06,目前来看很失望。乱七八糟而且还狗血，打光也是垃圾。
jasper的迷姐,167,较差,2017-11-06,什么跟什么啊，男主成了小三？？？？管小姐演技真的好差，完全看不出cp感啊。想到男主小三起家就来气！！忒大胆！
sheatol2009,128,推荐,2017-11-14,走剧情的部分还挺好看的，只是胡歌和女演员没cp感，之后还是走剧情流吧
电影爱好者,228,很差,2017-11-06,一开始有多期待现在就有多失望，这真的是潜伏编剧写的戏么？剧情如此之尬，挂着羊头卖狗肉，说是职场剧，其实大部分都是狗血多角恋的大妈剧。胡歌怎么回事，休息了两年不会演戏了么？怎么浑身上下一股痞气，比梅长苏差一百个明台！
开心就好,301,力荐,2017-11-12,为啥给一星的那么多！！！
缘之旅,253,还行,2017-11-11,以为是商战，结果是四角恋，无聊。
葡萄,219,很差,2017-11-07,想看，实在看不下去。演技尴尬，摄影尴尬，服装丑爆了
苏先生,213,还行,2017-11-07,里面的其他人物都神秘兮兮的。
李奥狮,63,很差,2017-11-14,半集放弃，没有理由，就是场景和剧情实在让人觉得是一部粗劣的网络小说。
不下雨的振宇,409,还行,2017-11-08,五星改三星。后面感觉真的失望，跟闹着玩一样！
